{"_id":{"$oid":"56c80e2d337f28e649d1ad41"},"name":"廊坊市","createdAt":{"$date":"2016-02-20T06:56:45.807Z"},"updatedAt":{"$date":"2016-02-20T06:56:45.807Z"}}
{"_id":{"$oid":"56c80e178d04c83d3d1dee03"},"name":"石家庄市","createdAt":{"$date":"2016-02-20T06:56:23.193Z"},"updatedAt":{"$date":"2016-02-20T08:03:49.971Z"}}
{"_id":{"$oid":"56c80e118774e5066a4f107a"},"name":"天津市","createdAt":{"$date":"2016-02-20T06:56:17.095Z"},"updatedAt":{"$date":"2016-02-20T06:56:17.095Z"}}
{"_id":{"$oid":"56c80e48d70e6d8f1167c9ac"},"name":"邯郸市","createdAt":{"$date":"2016-02-20T06:57:12.364Z"},"updatedAt":{"$date":"2016-02-20T06:57:12.364Z"}}
{"_id":{"$oid":"56c80e4e83af652643474b74"},"name":"秦皇岛市","createdAt":{"$date":"2016-02-20T06:57:18.960Z"},"updatedAt":{"$date":"2016-02-20T08:03:58.342Z"}}
{"_id":{"$oid":"56c80e34337f28e649d1ad42"},"name":"张家口市","createdAt":{"$date":"2016-02-20T06:56:52.408Z"},"updatedAt":{"$date":"2016-02-20T08:03:54.239Z"}}
{"_id":{"$oid":"56c80e618d04c83d3d1dee17"},"name":"深圳市","createdAt":{"$date":"2016-02-20T06:57:37.151Z"},"updatedAt":{"$date":"2016-02-20T06:57:37.151Z"}}
{"_id":{"$oid":"56c80e55789b068408ab5a71"},"name":"承德市","createdAt":{"$date":"2016-02-20T06:57:25.553Z"},"updatedAt":{"$date":"2016-02-20T06:57:25.553Z"}}
{"_id":{"$oid":"56c80e1b31da9e480de1cb4f"},"name":"保定市","createdAt":{"$date":"2016-02-20T06:56:27.965Z"},"updatedAt":{"$date":"2016-02-20T06:56:27.965Z"}}
{"_id":{"$oid":"56c80e5b8dbed0497bcbf7a6"},"name":"邢台市","createdAt":{"$date":"2016-02-20T06:57:31.108Z"},"updatedAt":{"$date":"2016-02-20T06:57:31.108Z"}}
{"_id":{"$oid":"56c80e67337f28e649d1ad44"},"name":"广州市","createdAt":{"$date":"2016-02-20T06:57:43.959Z"},"updatedAt":{"$date":"2016-02-20T06:57:43.959Z"}}
{"_id":{"$oid":"56c80e7331da9e480de1cb54"},"name":"东莞市","createdAt":{"$date":"2016-02-20T06:57:55.056Z"},"updatedAt":{"$date":"2016-02-20T06:57:55.056Z"}}
{"_id":{"$oid":"56c80e81789b068408ab5a74"},"name":"汕头市","createdAt":{"$date":"2016-02-20T06:58:09.181Z"},"updatedAt":{"$date":"2016-02-20T06:58:09.181Z"}}
{"_id":{"$oid":"56c80e988774e5066a4f10a4"},"name":"中山市","createdAt":{"$date":"2016-02-20T06:58:32.560Z"},"updatedAt":{"$date":"2016-02-20T06:58:32.560Z"}}
{"_id":{"$oid":"56c80e888dbed0497bcbf7aa"},"name":"惠州市","createdAt":{"$date":"2016-02-20T06:58:16.557Z"},"updatedAt":{"$date":"2016-02-20T06:58:16.557Z"}}
{"_id":{"$oid":"56c80e8f337f28e649d1ad47"},"name":"肇庆市","createdAt":{"$date":"2016-02-20T06:58:23.962Z"},"updatedAt":{"$date":"2016-02-20T06:58:23.962Z"}}
{"_id":{"$oid":"56c80e6d8d04c83d3d1dee1a"},"name":"佛山市","createdAt":{"$date":"2016-02-20T06:57:49.689Z"},"updatedAt":{"$date":"2016-02-20T06:57:49.689Z"}}
{"_id":{"$oid":"56c80ea883af652643474b78"},"name":"南京市","createdAt":{"$date":"2016-02-20T06:58:48.700Z"},"updatedAt":{"$date":"2016-02-20T06:58:48.700Z"}}
{"_id":{"$oid":"56c80e788774e5066a4f109f"},"name":"珠海市","createdAt":{"$date":"2016-02-20T06:58:00.590Z"},"updatedAt":{"$date":"2016-02-20T06:58:00.590Z"}}
{"_id":{"$oid":"56c80eae8dbed0497bcbf7b2"},"name":"苏州市","createdAt":{"$date":"2016-02-20T06:58:54.309Z"},"updatedAt":{"$date":"2016-02-20T06:58:54.309Z"}}
{"_id":{"$oid":"56c80e9f31da9e480de1cb59"},"name":"杭州市","createdAt":{"$date":"2016-02-20T06:58:39.236Z"},"updatedAt":{"$date":"2016-02-20T06:58:39.236Z"}}
{"_id":{"$oid":"56c80ebb337f28e649d1ad48"},"name":"常州市","createdAt":{"$date":"2016-02-20T06:59:07.018Z"},"updatedAt":{"$date":"2016-02-20T06:59:07.018Z"}}
{"_id":{"$oid":"56c80e0c789b068408ab5a6f"},"name":"北京市","createdAt":{"$date":"2016-02-20T06:56:12.317Z"},"updatedAt":{"$date":"2016-02-20T06:56:12.317Z"}}
{"_id":{"$oid":"56c80ea48d04c83d3d1dee23"},"name":"上海市","createdAt":{"$date":"2016-02-20T06:58:44.171Z"},"updatedAt":{"$date":"2016-02-20T06:58:44.171Z"}}
{"_id":{"$oid":"56c80eb4789b068408ab5a79"},"name":"无锡市","createdAt":{"$date":"2016-02-20T06:59:00.049Z"},"updatedAt":{"$date":"2016-02-20T06:59:00.049Z"}}
{"_id":{"$oid":"56c80ed88dbed0497bcbf7bd"},"name":"金华市","createdAt":{"$date":"2016-02-20T06:59:36.681Z"},"updatedAt":{"$date":"2016-02-20T06:59:36.681Z"}}
{"_id":{"$oid":"56c80ec5789b068408ab5a7b"},"name":"扬州市","createdAt":{"$date":"2016-02-20T06:59:17.592Z"},"updatedAt":{"$date":"2016-02-20T06:59:17.592Z"}}
{"_id":{"$oid":"56c80ecc8dbed0497bcbf7b8"},"name":"宁波市","createdAt":{"$date":"2016-02-20T06:59:24.404Z"},"updatedAt":{"$date":"2016-02-20T06:59:24.404Z"}}
{"_id":{"$oid":"56c80ed283af652643474b79"},"name":"绍兴市","createdAt":{"$date":"2016-02-20T06:59:30.508Z"},"updatedAt":{"$date":"2016-02-20T06:59:30.508Z"}}
{"_id":{"$oid":"56c80ee58d04c83d3d1dee2e"},"name":"温州市","createdAt":{"$date":"2016-02-20T06:59:49.644Z"},"updatedAt":{"$date":"2016-02-20T06:59:49.644Z"}}
{"_id":{"$oid":"56c80eeb8774e5066a4f10ac"},"name":"义乌市","createdAt":{"$date":"2016-02-20T06:59:55.561Z"},"updatedAt":{"$date":"2016-02-20T06:59:55.561Z"}}
{"_id":{"$oid":"56c80ede337f28e649d1ad4d"},"name":"嘉兴市","createdAt":{"$date":"2016-02-20T06:59:42.681Z"},"updatedAt":{"$date":"2016-02-20T06:59:42.681Z"}}
{"_id":{"$oid":"56c954cdd72170a205b52c4a"},"createdAt":{"$date":"2016-02-21T06:10:21.625Z"},"updatedAt":{"$date":"2016-02-21T06:10:21.625Z"},"url":"http://afc7f6321c5ea8bcb5b3.b0.upaiyun.com/apicloud/d3086f24870df03495f9414649bbadb6.gif","name":"1.gif","type":"image/gif","size":22166,"filename":"1.gif","lastModifiedDate":"Sat Feb 20 2016 20:48:21 GMT+0800 (CST)"}
{"_id":{"$oid":"56c954dd880a535b354b40c5"},"createdAt":{"$date":"2016-02-21T06:10:37.048Z"},"updatedAt":{"$date":"2016-02-21T06:10:37.048Z"},"url":"http://afc7f6321c5ea8bcb5b3.b0.upaiyun.com/apicloud/94d8d02ba56b3f18ca060094edeb3f50.png","name":"4.png","type":"image/png","size":40491,"filename":"4.png","lastModifiedDate":"Sat Feb 20 2016 20:50:07 GMT+0800 (CST)"}
{"_id":{"$oid":"56c954d47bd0f4ee40b29795"},"createdAt":{"$date":"2016-02-21T06:10:28.597Z"},"updatedAt":{"$date":"2016-02-21T06:10:28.597Z"},"url":"http://afc7f6321c5ea8bcb5b3.b0.upaiyun.com/apicloud/040b85a0369d556905c1535c88e835fe.gif","name":"2.gif","type":"image/gif","size":24481,"filename":"2.gif","lastModifiedDate":"Sat Feb 20 2016 20:48:21 GMT+0800 (CST)"}
{"_id":{"$oid":"56c954daca6a06ba6ad9581d"},"createdAt":{"$date":"2016-02-21T06:10:34.767Z"},"updatedAt":{"$date":"2016-02-21T06:10:34.767Z"},"url":"http://afc7f6321c5ea8bcb5b3.b0.upaiyun.com/apicloud/da08a1e0cdadda5e4a1b5acfa82abce9.gif","name":"3.gif","type":"image/gif","size":22238,"filename":"3.gif","lastModifiedDate":"Sat Feb 20 2016 20:48:21 GMT+0800 (CST)"}
{"_id":{"$oid":"56c954e0092eda1c35a99b77"},"createdAt":{"$date":"2016-02-21T06:10:40.947Z"},"updatedAt":{"$date":"2016-02-21T06:10:40.947Z"},"url":"http://afc7f6321c5ea8bcb5b3.b0.upaiyun.com/apicloud/5e24a6c776b132f824b8bd54439fe73b.png","name":"5.png","type":"image/png","size":42263,"filename":"5.png","lastModifiedDate":"Sat Feb 20 2016 20:50:07 GMT+0800 (CST)"}
{"_id":{"$oid":"56c958b0880a535b354b40f5"},"createdAt":{"$date":"2016-02-21T06:26:56.012Z"},"updatedAt":{"$date":"2016-02-21T06:26:56.012Z"},"url":"http://afc7f6321c5ea8bcb5b3.b0.upaiyun.com/apicloud/a63149f67a72e9fe2a4c5ee7cad91516.png","name":"1.png","type":"image/png","size":40505,"filename":"1.png","lastModifiedDate":"Sun Feb 21 2016 14:13:19 GMT+0800 (CST)"}
{"_id":{"$oid":"56c958a4092eda1c35a99c1a"},"createdAt":{"$date":"2016-02-21T06:26:44.702Z"},"updatedAt":{"$date":"2016-02-21T06:26:44.702Z"},"url":"http://afc7f6321c5ea8bcb5b3.b0.upaiyun.com/apicloud/13d65d5eaee648dbc75832cd13b40398.png","name":"2.png","type":"image/png","size":37894,"filename":"2.png","lastModifiedDate":"Sun Feb 21 2016 14:13:19 GMT+0800 (CST)"}
{"_id":{"$oid":"56c958b4d72170a205b52cea"},"createdAt":{"$date":"2016-02-21T06:27:00.497Z"},"updatedAt":{"$date":"2016-02-21T06:27:00.497Z"},"url":"http://afc7f6321c5ea8bcb5b3.b0.upaiyun.com/apicloud/98a336b53e41e5885a9b53afd61c4d1a.png","name":"3.png","type":"image/png","size":40098,"filename":"3.png","lastModifiedDate":"Sun Feb 21 2016 14:13:19 GMT+0800 (CST)"}
{"_id":{"$oid":"56c958cb4d42d0ba7e41ded4"},"createdAt":{"$date":"2016-02-21T06:27:23.961Z"},"updatedAt":{"$date":"2016-02-21T06:27:23.961Z"},"url":"http://afc7f6321c5ea8bcb5b3.b0.upaiyun.com/apicloud/f1adc3dc8812ae7797a5b27576ff95f7.png","name":"1.png","type":"image/png","size":27710,"filename":"1.png","lastModifiedDate":"Sat Feb 20 2016 21:25:11 GMT+0800 (CST)"}
{"_id":{"$oid":"56c958d0092eda1c35a99c1f"},"createdAt":{"$date":"2016-02-21T06:27:28.752Z"},"updatedAt":{"$date":"2016-02-21T06:27:28.752Z"},"url":"http://afc7f6321c5ea8bcb5b3.b0.upaiyun.com/apicloud/bb069897c7e2c3f9ad6145f4292a6a22.png","name":"2.png","type":"image/png","size":205079,"filename":"2.png","lastModifiedDate":"Sat Feb 20 2016 21:25:11 GMT+0800 (CST)"}
{"_id":{"$oid":"56c958db880a535b354b40f7"},"createdAt":{"$date":"2016-02-21T06:27:39.096Z"},"updatedAt":{"$date":"2016-02-21T06:27:39.096Z"},"url":"http://afc7f6321c5ea8bcb5b3.b0.upaiyun.com/apicloud/056969cd0773160fd3de8e8997b2057f.png","name":"5.png","type":"image/png","size":48476,"filename":"5.png","lastModifiedDate":"Sat Feb 20 2016 21:26:25 GMT+0800 (CST)"}
{"_id":{"$oid":"56c958d4880a535b354b40f6"},"createdAt":{"$date":"2016-02-21T06:27:32.717Z"},"updatedAt":{"$date":"2016-02-21T06:27:32.717Z"},"url":"http://afc7f6321c5ea8bcb5b3.b0.upaiyun.com/apicloud/1eac001a67d28e37e542c70b73c59f13.png","name":"3.png","type":"image/png","size":31855,"filename":"3.png","lastModifiedDate":"Sat Feb 20 2016 21:26:25 GMT+0800 (CST)"}
{"_id":{"$oid":"56c958df26f863e874c76f3a"},"createdAt":{"$date":"2016-02-21T06:27:43.186Z"},"updatedAt":{"$date":"2016-02-21T06:27:43.186Z"},"url":"http://afc7f6321c5ea8bcb5b3.b0.upaiyun.com/apicloud/f2a2b52efe2bb811bc7f0af5f1d60b4e.png","name":"6.png","type":"image/png","size":275303,"filename":"6.png","lastModifiedDate":"Sat Feb 20 2016 21:20:52 GMT+0800 (CST)"}
{"_id":{"$oid":"56c958eb880a535b354b40fa"},"createdAt":{"$date":"2016-02-21T06:27:55.547Z"},"updatedAt":{"$date":"2016-02-21T06:27:55.547Z"},"url":"http://afc7f6321c5ea8bcb5b3.b0.upaiyun.com/apicloud/4e0e765067292c0d32c15d431854b8fb.png","name":"3.png","type":"image/png","size":34691,"filename":"3.png","lastModifiedDate":"Sun Feb 21 2016 14:17:27 GMT+0800 (CST)"}
{"_id":{"$oid":"56c958d826f863e874c76f38"},"createdAt":{"$date":"2016-02-21T06:27:36.126Z"},"updatedAt":{"$date":"2016-02-21T06:27:36.126Z"},"url":"http://afc7f6321c5ea8bcb5b3.b0.upaiyun.com/apicloud/91e8db2caabc8fe806abc26818f61880.png","name":"4.png","type":"image/png","size":20627,"filename":"4.png","lastModifiedDate":"Sat Feb 20 2016 21:26:25 GMT+0800 (CST)"}
{"_id":{"$oid":"56c958fd4d42d0ba7e41dedf"},"createdAt":{"$date":"2016-02-21T06:28:13.336Z"},"updatedAt":{"$date":"2016-02-21T06:28:13.336Z"},"url":"http://afc7f6321c5ea8bcb5b3.b0.upaiyun.com/apicloud/c34bcfc1de88eef2e1c3c51f9375e080.png","name":"1.png","type":"image/png","size":29776,"filename":"1.png","lastModifiedDate":"Sun Feb 21 2016 14:17:27 GMT+0800 (CST)"}
{"_id":{"$oid":"56c958f926f863e874c76f3c"},"createdAt":{"$date":"2016-02-21T06:28:09.226Z"},"updatedAt":{"$date":"2016-02-21T06:28:09.226Z"},"url":"http://afc7f6321c5ea8bcb5b3.b0.upaiyun.com/apicloud/5c3debff5fe30c48e34bfdff8ca3ab8f.png","name":"2.png","type":"image/png","size":27288,"filename":"2.png","lastModifiedDate":"Sun Feb 21 2016 14:17:27 GMT+0800 (CST)"}
{"_id":{"$oid":"56c95903ca6a06ba6ad958c6"},"createdAt":{"$date":"2016-02-21T06:28:19.427Z"},"updatedAt":{"$date":"2016-02-21T06:28:19.427Z"},"url":"http://afc7f6321c5ea8bcb5b3.b0.upaiyun.com/apicloud/227f88dd0cab04b5cf2c9954a84fad98.png","name":"4.png","type":"image/png","size":10185,"filename":"4.png","lastModifiedDate":"Sun Feb 21 2016 14:18:42 GMT+0800 (CST)"}
{"_id":{"$oid":"56c959374d42d0ba7e41dee2"},"createdAt":{"$date":"2016-02-21T06:29:11.409Z"},"updatedAt":{"$date":"2016-02-21T06:29:11.409Z"},"url":"http://afc7f6321c5ea8bcb5b3.b0.upaiyun.com/apicloud/d9fdda07cb049a98e1c79597505338f5.png","name":"3.png","type":"image/png","size":43185,"filename":"3.png","lastModifiedDate":"Sun Feb 21 2016 14:21:52 GMT+0800 (CST)"}
{"_id":{"$oid":"56c95929880a535b354b4102"},"createdAt":{"$date":"2016-02-21T06:28:57.065Z"},"updatedAt":{"$date":"2016-02-21T06:28:57.065Z"},"url":"http://afc7f6321c5ea8bcb5b3.b0.upaiyun.com/apicloud/a2b630a7b0fc01c1dfa1dbf09da89804.png","name":"2.png","type":"image/png","size":120888,"filename":"2.png","lastModifiedDate":"Sun Feb 21 2016 14:20:42 GMT+0800 (CST)"}
{"_id":{"$oid":"56c9592d092eda1c35a99c2b"},"createdAt":{"$date":"2016-02-21T06:29:01.382Z"},"updatedAt":{"$date":"2016-02-21T06:29:01.382Z"},"url":"http://afc7f6321c5ea8bcb5b3.b0.upaiyun.com/apicloud/24c87a47a4a9a84fb0767bb3106ae025.png","name":"1.png","type":"image/png","size":43445,"filename":"1.png","lastModifiedDate":"Sun Feb 21 2016 14:20:42 GMT+0800 (CST)"}
{"_id":{"$oid":"56c95955880a535b354b4104"},"createdAt":{"$date":"2016-02-21T06:29:41.256Z"},"updatedAt":{"$date":"2016-02-21T06:29:41.256Z"},"url":"http://afc7f6321c5ea8bcb5b3.b0.upaiyun.com/apicloud/ec9d661ebbd0b7d4ef78088d10333cb6.png","name":"11.png","type":"image/png","size":461909,"filename":"11.png","lastModifiedDate":"Sun Feb 21 2016 14:20:58 GMT+0800 (CST)"}
{"_id":{"$oid":"56c9595d4d42d0ba7e41dee5"},"createdAt":{"$date":"2016-02-21T06:29:49.120Z"},"updatedAt":{"$date":"2016-02-21T06:29:49.120Z"},"url":"http://afc7f6321c5ea8bcb5b3.b0.upaiyun.com/apicloud/62be789b4eaa0e563e1572d89f7c03c2.png","name":"21.png","type":"image/png","size":479524,"filename":"21.png","lastModifiedDate":"Sun Feb 21 2016 14:21:10 GMT+0800 (CST)"}
{"_id":{"$oid":"56c95962880a535b354b4106"},"createdAt":{"$date":"2016-02-21T06:29:54.973Z"},"updatedAt":{"$date":"2016-02-21T06:29:54.973Z"},"url":"http://afc7f6321c5ea8bcb5b3.b0.upaiyun.com/apicloud/d46aa29695035f1270069b16d443cd47.png","name":"32.png","type":"image/png","size":466273,"filename":"32.png","lastModifiedDate":"Sun Feb 21 2016 14:22:29 GMT+0800 (CST)"}
{"_id":{"$oid":"56c95959092eda1c35a99c36"},"createdAt":{"$date":"2016-02-21T06:29:45.466Z"},"updatedAt":{"$date":"2016-02-21T06:29:45.466Z"},"url":"http://afc7f6321c5ea8bcb5b3.b0.upaiyun.com/apicloud/5cbd625b1ed21d097a40517d25f81c7e.png","name":"12.png","type":"image/png","size":531295,"filename":"12.png","lastModifiedDate":"Sun Feb 21 2016 14:22:43 GMT+0800 (CST)"}
{"_id":{"$oid":"56c959e77bd0f4ee40b297dc"},"createdAt":{"$date":"2016-02-21T06:32:07.435Z"},"updatedAt":{"$date":"2016-02-21T06:32:07.435Z"},"url":"http://afc7f6321c5ea8bcb5b3.b0.upaiyun.com/apicloud/227f88dd0cab04b5cf2c9954a84fad98.png","name":"4.png","type":"image/png","size":10185,"filename":"4.png","lastModifiedDate":"Sun Feb 21 2016 14:18:42 GMT+0800 (CST)"}
{"_id":{"$oid":"56c959ee092eda1c35a99c4a"},"createdAt":{"$date":"2016-02-21T06:32:14.536Z"},"updatedAt":{"$date":"2016-02-21T06:32:14.536Z"},"url":"http://afc7f6321c5ea8bcb5b3.b0.upaiyun.com/apicloud/ad68c5fb68c8391e36f48602f12fe3fc.png","name":"41.png","type":"image/png","size":72658,"filename":"41.png","lastModifiedDate":"Sun Feb 21 2016 14:19:50 GMT+0800 (CST)"}
{"_id":{"$oid":"56c959f2880a535b354b410d"},"createdAt":{"$date":"2016-02-21T06:32:18.440Z"},"updatedAt":{"$date":"2016-02-21T06:32:18.440Z"},"url":"http://afc7f6321c5ea8bcb5b3.b0.upaiyun.com/apicloud/1834e8300c620706d52ebd3e4a9a8bf2.png","name":"11.png","type":"image/png","size":268678,"filename":"11.png","lastModifiedDate":"Sun Feb 21 2016 14:19:25 GMT+0800 (CST)"}
{"_id":{"$oid":"56c959f526f863e874c76f67"},"createdAt":{"$date":"2016-02-21T06:32:21.324Z"},"updatedAt":{"$date":"2016-02-21T06:32:21.324Z"},"url":"http://afc7f6321c5ea8bcb5b3.b0.upaiyun.com/apicloud/11d535e48e6cba08549378f023c83254.png","name":"21.png","type":"image/png","size":180728,"filename":"21.png","lastModifiedDate":"Sun Feb 21 2016 14:19:11 GMT+0800 (CST)"}
{"_id":{"$oid":"56c959f87bd0f4ee40b297dd"},"createdAt":{"$date":"2016-02-21T06:32:24.330Z"},"updatedAt":{"$date":"2016-02-21T06:32:24.330Z"},"url":"http://afc7f6321c5ea8bcb5b3.b0.upaiyun.com/apicloud/b8b45571bf76fba368709ea238cdeb2a.png","name":"31.png","type":"image/png","size":168072,"filename":"31.png","lastModifiedDate":"Sun Feb 21 2016 14:18:58 GMT+0800 (CST)"}
{"_id":{"$oid":"56c95a3dd72170a205b52d2d"},"createdAt":{"$date":"2016-02-21T06:33:33.260Z"},"updatedAt":{"$date":"2016-02-21T06:33:33.260Z"},"url":"http://afc7f6321c5ea8bcb5b3.b0.upaiyun.com/apicloud/a5cfcab1a1b22c09af135f33ca701b77.png","name":"61.png","type":"image/png","size":261267,"filename":"61.png","lastModifiedDate":"Sat Feb 20 2016 21:19:49 GMT+0800 (CST)"}
{"_id":{"$oid":"56c95a45d72170a205b52d2e"},"createdAt":{"$date":"2016-02-21T06:33:41.848Z"},"updatedAt":{"$date":"2016-02-21T06:33:41.848Z"},"url":"http://afc7f6321c5ea8bcb5b3.b0.upaiyun.com/apicloud/02d46911da6e1a2790caac4cfaff8ada.png","name":"52.png","type":"image/png","size":798880,"filename":"52.png","lastModifiedDate":"Sat Feb 20 2016 21:29:29 GMT+0800 (CST)"}
{"_id":{"$oid":"56c95a4d092eda1c35a99c55"},"createdAt":{"$date":"2016-02-21T06:33:49.391Z"},"updatedAt":{"$date":"2016-02-21T06:33:49.391Z"},"url":"http://afc7f6321c5ea8bcb5b3.b0.upaiyun.com/apicloud/241ad3480f728408b8395ae516e9d96e.png","name":"54.png","type":"image/png","size":432756,"filename":"54.png","lastModifiedDate":"Sat Feb 20 2016 21:29:56 GMT+0800 (CST)"}
{"_id":{"$oid":"56c95a52880a535b354b4110"},"createdAt":{"$date":"2016-02-21T06:33:54.761Z"},"updatedAt":{"$date":"2016-02-21T06:33:54.761Z"},"url":"http://afc7f6321c5ea8bcb5b3.b0.upaiyun.com/apicloud/394b76a620a8747dc82078da59eb20a9.png","name":"41.png","type":"image/png","size":242181,"filename":"41.png","lastModifiedDate":"Sat Feb 20 2016 21:28:38 GMT+0800 (CST)"}
{"_id":{"$oid":"56c95a56092eda1c35a99c57"},"createdAt":{"$date":"2016-02-21T06:33:58.020Z"},"updatedAt":{"$date":"2016-02-21T06:33:58.020Z"},"url":"http://afc7f6321c5ea8bcb5b3.b0.upaiyun.com/apicloud/4e1cef8cdb38793a68f9fc383eb3a48e.png","name":"42.png","type":"image/png","size":482417,"filename":"42.png","lastModifiedDate":"Sat Feb 20 2016 21:28:50 GMT+0800 (CST)"}
{"_id":{"$oid":"56c95a584d42d0ba7e41deed"},"createdAt":{"$date":"2016-02-21T06:34:00.747Z"},"updatedAt":{"$date":"2016-02-21T06:34:00.747Z"},"url":"http://afc7f6321c5ea8bcb5b3.b0.upaiyun.com/apicloud/9dc50c3731734259394c7d409c1ffacb.png","name":"43.png","type":"image/png","size":128847,"filename":"43.png","lastModifiedDate":"Sat Feb 20 2016 21:29:03 GMT+0800 (CST)"}
{"_id":{"$oid":"56c95a487bd0f4ee40b297de"},"createdAt":{"$date":"2016-02-21T06:33:44.876Z"},"updatedAt":{"$date":"2016-02-21T06:33:44.876Z"},"url":"http://afc7f6321c5ea8bcb5b3.b0.upaiyun.com/apicloud/b54c06456e16f77efd42a75368d9a56c.png","name":"53.png","type":"image/png","size":349772,"filename":"53.png","lastModifiedDate":"Sat Feb 20 2016 21:29:42 GMT+0800 (CST)"}
{"_id":{"$oid":"56c95a5cd72170a205b52d32"},"createdAt":{"$date":"2016-02-21T06:34:04.935Z"},"updatedAt":{"$date":"2016-02-21T06:34:04.935Z"},"url":"http://afc7f6321c5ea8bcb5b3.b0.upaiyun.com/apicloud/2dbc8bcca9bd758436f019af94e08d72.png","name":"31.png","type":"image/png","size":287552,"filename":"31.png","lastModifiedDate":"Sat Feb 20 2016 21:28:25 GMT+0800 (CST)"}
{"_id":{"$oid":"56c95a5f880a535b354b4112"},"createdAt":{"$date":"2016-02-21T06:34:07.681Z"},"updatedAt":{"$date":"2016-02-21T06:34:07.681Z"},"url":"http://afc7f6321c5ea8bcb5b3.b0.upaiyun.com/apicloud/708a554e9da2799561f94afb0370a388.png","name":"21.png","type":"image/png","size":505266,"filename":"21.png","lastModifiedDate":"Sat Feb 20 2016 21:28:11 GMT+0800 (CST)"}
{"_id":{"$oid":"56c95960ca6a06ba6ad958d9"},"createdAt":{"$date":"2016-02-21T06:29:52.073Z"},"updatedAt":{"$date":"2016-02-21T06:29:52.073Z"},"url":"http://afc7f6321c5ea8bcb5b3.b0.upaiyun.com/apicloud/5ca1b8a6c9c94008bf26067881800980.png","name":"31.png","type":"image/png","size":408860,"filename":"31.png","lastModifiedDate":"Sun Feb 21 2016 14:22:06 GMT+0800 (CST)"}
{"_id":{"$oid":"56c95a6226f863e874c76f83"},"createdAt":{"$date":"2016-02-21T06:34:10.374Z"},"updatedAt":{"$date":"2016-02-21T06:34:10.374Z"},"url":"http://afc7f6321c5ea8bcb5b3.b0.upaiyun.com/apicloud/76685ad16b802530d621817393221a4a.png","name":"11.png","type":"image/png","size":241404,"filename":"11.png","lastModifiedDate":"Sat Feb 20 2016 21:26:52 GMT+0800 (CST)"}
{"_id":{"$oid":"56c95a657bd0f4ee40b297e3"},"createdAt":{"$date":"2016-02-21T06:34:13.051Z"},"updatedAt":{"$date":"2016-02-21T06:34:13.051Z"},"url":"http://afc7f6321c5ea8bcb5b3.b0.upaiyun.com/apicloud/92f1a8b368a424b84fce9ca323c06a0e.png","name":"12.png","type":"image/png","size":202506,"filename":"12.png","lastModifiedDate":"Sat Feb 20 2016 21:27:41 GMT+0800 (CST)"}
{"_id":{"$oid":"56c95a404d42d0ba7e41deea"},"createdAt":{"$date":"2016-02-21T06:33:36.987Z"},"updatedAt":{"$date":"2016-02-21T06:33:36.987Z"},"url":"http://afc7f6321c5ea8bcb5b3.b0.upaiyun.com/apicloud/998b491ab2e902f755d3d0d851e8e535.png","name":"51.png","type":"image/png","size":504544,"filename":"51.png","lastModifiedDate":"Sat Feb 20 2016 21:29:15 GMT+0800 (CST)"}
{"_id":{"$oid":"56c95a68880a535b354b4113"},"createdAt":{"$date":"2016-02-21T06:34:16.205Z"},"updatedAt":{"$date":"2016-02-21T06:34:16.205Z"},"url":"http://afc7f6321c5ea8bcb5b3.b0.upaiyun.com/apicloud/dbe36c3718cc28a00446bbe0515ad9e7.png","name":"13.png","type":"image/png","size":241033,"filename":"13.png","lastModifiedDate":"Sat Feb 20 2016 21:27:53 GMT+0800 (CST)"}
{"_id":{"$oid":"56c95ab5ca6a06ba6ad95906"},"createdAt":{"$date":"2016-02-21T06:35:33.785Z"},"updatedAt":{"$date":"2016-02-21T06:35:33.785Z"},"url":"http://afc7f6321c5ea8bcb5b3.b0.upaiyun.com/apicloud/bf268ec0e0400ee9bb1a1f2cf51373ef.png","name":"31.png","type":"image/png","size":384788,"filename":"31.png","lastModifiedDate":"Sun Feb 21 2016 14:15:52 GMT+0800 (CST)"}
{"_id":{"$oid":"56c95abc26f863e874c76f8d"},"createdAt":{"$date":"2016-02-21T06:35:40.897Z"},"updatedAt":{"$date":"2016-02-21T06:35:40.897Z"},"url":"http://afc7f6321c5ea8bcb5b3.b0.upaiyun.com/apicloud/ffeb8f6667f6b109a46e57c62a06ea0d.png","name":"12.png","type":"image/png","size":702165,"filename":"12.png","lastModifiedDate":"Sun Feb 21 2016 14:15:30 GMT+0800 (CST)"}
{"_id":{"$oid":"56c95ac07bd0f4ee40b297e5"},"createdAt":{"$date":"2016-02-21T06:35:44.116Z"},"updatedAt":{"$date":"2016-02-21T06:35:44.116Z"},"url":"http://afc7f6321c5ea8bcb5b3.b0.upaiyun.com/apicloud/0de8f338fc46097c0968c9805ba2fcf0.png","name":"21.png","type":"image/png","size":393823,"filename":"21.png","lastModifiedDate":"Sun Feb 21 2016 14:14:26 GMT+0800 (CST)"}
{"_id":{"$oid":"56c95ac3d72170a205b52d43"},"createdAt":{"$date":"2016-02-21T06:35:47.655Z"},"updatedAt":{"$date":"2016-02-21T06:35:47.655Z"},"url":"http://afc7f6321c5ea8bcb5b3.b0.upaiyun.com/apicloud/e8deeebb2e9c9e84abb52349057816f1.png","name":"22.png","type":"image/png","size":537580,"filename":"22.png","lastModifiedDate":"Sun Feb 21 2016 14:14:49 GMT+0800 (CST)"}
{"_id":{"$oid":"56c95ab9880a535b354b4115"},"createdAt":{"$date":"2016-02-21T06:35:37.765Z"},"updatedAt":{"$date":"2016-02-21T06:35:37.765Z"},"url":"http://afc7f6321c5ea8bcb5b3.b0.upaiyun.com/apicloud/3edf9056999bf1e0ef8779fa8e23b12f.png","name":"11.png","type":"image/png","size":424406,"filename":"11.png","lastModifiedDate":"Sun Feb 21 2016 14:15:11 GMT+0800 (CST)"}
{"_id":{"$oid":"56c95ae7ca6a06ba6ad95910"},"createdAt":{"$date":"2016-02-21T06:36:23.619Z"},"updatedAt":{"$date":"2016-02-21T06:36:23.619Z"},"url":"http://afc7f6321c5ea8bcb5b3.b0.upaiyun.com/apicloud/7d5a905d81e3f46c9450700c9a838f86.png","name":"51.png","type":"image/png","size":429839,"filename":"51.png","lastModifiedDate":"Sat Feb 20 2016 20:51:06 GMT+0800 (CST)"}
{"_id":{"$oid":"56c95aea7bd0f4ee40b297e7"},"createdAt":{"$date":"2016-02-21T06:36:26.846Z"},"updatedAt":{"$date":"2016-02-21T06:36:26.846Z"},"url":"http://afc7f6321c5ea8bcb5b3.b0.upaiyun.com/apicloud/61f660ec5d7e3b511a2d5ba96747310b.png","name":"41.png","type":"image/png","size":460232,"filename":"41.png","lastModifiedDate":"Sat Feb 20 2016 20:50:51 GMT+0800 (CST)"}
{"_id":{"$oid":"56c95aedca6a06ba6ad95912"},"createdAt":{"$date":"2016-02-21T06:36:29.807Z"},"updatedAt":{"$date":"2016-02-21T06:36:29.807Z"},"url":"http://afc7f6321c5ea8bcb5b3.b0.upaiyun.com/apicloud/6c874730a2c161f97802976a7f0afef2.png","name":"31.png","type":"image/png","size":488665,"filename":"31.png","lastModifiedDate":"Sat Feb 20 2016 20:49:43 GMT+0800 (CST)"}
{"_id":{"$oid":"56c95af07bd0f4ee40b297e8"},"createdAt":{"$date":"2016-02-21T06:36:32.790Z"},"updatedAt":{"$date":"2016-02-21T06:36:32.790Z"},"url":"http://afc7f6321c5ea8bcb5b3.b0.upaiyun.com/apicloud/070e8388610d123f691285054b49798e.png","name":"21.png","type":"image/png","size":518999,"filename":"21.png","lastModifiedDate":"Sat Feb 20 2016 20:50:37 GMT+0800 (CST)"}
{"_id":{"$oid":"56c95af3ca6a06ba6ad95913"},"createdAt":{"$date":"2016-02-21T06:36:35.884Z"},"updatedAt":{"$date":"2016-02-21T06:36:35.884Z"},"url":"http://afc7f6321c5ea8bcb5b3.b0.upaiyun.com/apicloud/0bacf5074c5f1dfb05a0a25381f34bc4.png","name":"11.png","type":"image/png","size":488055,"filename":"11.png","lastModifiedDate":"Sat Feb 20 2016 20:50:22 GMT+0800 (CST)"}
