{"_id":{"$oid":"56c95955092eda1c35a99c35"},"picture0":{"url":"http://afc7f6321c5ea8bcb5b3.b0.upaiyun.com/apicloud/ec9d661ebbd0b7d4ef78088d10333cb6.png","name":"11.png","id":"56c95955880a535b354b4104"},"picture1":{"url":"http://afc7f6321c5ea8bcb5b3.b0.upaiyun.com/apicloud/5cbd625b1ed21d097a40517d25f81c7e.png","name":"12.png","id":"56c95959092eda1c35a99c36"},"picture2":null,"picture3":null,"picture4":null,"picture5":null,"detail":"中国","createdAt":{"$date":"2016-02-21T06:29:41.322Z"},"updatedAt":{"$date":"2016-02-21T06:30:31.660Z"}}
{"_id":{"$oid":"56c959603fb08a711588813b"},"picture0":{"url":"http://afc7f6321c5ea8bcb5b3.b0.upaiyun.com/apicloud/5ca1b8a6c9c94008bf26067881800980.png","name":"31.png","id":"56c95960ca6a06ba6ad958d9"},"picture1":{"url":"http://afc7f6321c5ea8bcb5b3.b0.upaiyun.com/apicloud/d46aa29695035f1270069b16d443cd47.png","name":"32.png","id":"56c95962880a535b354b4106"},"picture2":null,"picture3":null,"picture4":null,"picture5":null,"detail":"中国","createdAt":{"$date":"2016-02-21T06:29:52.156Z"},"updatedAt":{"$date":"2016-02-21T06:30:19.414Z"}}
{"_id":{"$oid":"56c959f53fb08a711588813f"},"picture0":{"url":"http://afc7f6321c5ea8bcb5b3.b0.upaiyun.com/apicloud/11d535e48e6cba08549378f023c83254.png","name":"21.png","id":"56c959f526f863e874c76f67"},"picture1":null,"picture2":null,"picture3":null,"picture4":null,"picture5":null,"detail":"中国","createdAt":{"$date":"2016-02-21T06:32:21.377Z"},"updatedAt":{"$date":"2016-02-21T06:37:25.054Z"}}
{"_id":{"$oid":"56c959e7ca6a06ba6ad958eb"},"picture0":{"url":"http://afc7f6321c5ea8bcb5b3.b0.upaiyun.com/apicloud/ad68c5fb68c8391e36f48602f12fe3fc.png","name":"41.png","id":"56c959ee092eda1c35a99c4a"},"picture1":null,"picture2":null,"picture3":null,"picture4":null,"picture5":null,"detail":"中国","createdAt":{"$date":"2016-02-21T06:32:07.493Z"},"updatedAt":{"$date":"2016-02-21T06:37:26.384Z"}}
{"_id":{"$oid":"56c959f826f863e874c76f68"},"picture0":{"url":"http://afc7f6321c5ea8bcb5b3.b0.upaiyun.com/apicloud/b8b45571bf76fba368709ea238cdeb2a.png","name":"31.png","id":"56c959f87bd0f4ee40b297dd"},"picture1":null,"picture2":null,"picture3":null,"picture4":null,"picture5":null,"detail":"中国","createdAt":{"$date":"2016-02-21T06:32:24.382Z"},"updatedAt":{"$date":"2016-02-21T06:37:24.264Z"}}
{"_id":{"$oid":"56c959f2092eda1c35a99c4b"},"picture0":{"url":"http://afc7f6321c5ea8bcb5b3.b0.upaiyun.com/apicloud/1834e8300c620706d52ebd3e4a9a8bf2.png","name":"11.png","id":"56c959f2880a535b354b410d"},"picture1":null,"picture2":null,"picture3":null,"picture4":null,"picture5":null,"detail":"中国","createdAt":{"$date":"2016-02-21T06:32:18.507Z"},"updatedAt":{"$date":"2016-02-21T06:37:25.738Z"}}
{"_id":{"$oid":"56c95a373fb08a7115888140"},"picture0":{"url":"http://afc7f6321c5ea8bcb5b3.b0.upaiyun.com/apicloud/a5cfcab1a1b22c09af135f33ca701b77.png","name":"61.png","id":"56c95a3dd72170a205b52d2d"},"picture1":null,"picture2":null,"picture3":null,"picture4":null,"picture5":null,"detail":"中国","createdAt":{"$date":"2016-02-21T06:33:27.888Z"},"updatedAt":{"$date":"2016-02-21T06:37:34.437Z"}}
{"_id":{"$oid":"56c95a41ca6a06ba6ad958f6"},"picture0":{"url":"http://afc7f6321c5ea8bcb5b3.b0.upaiyun.com/apicloud/998b491ab2e902f755d3d0d851e8e535.png","name":"51.png","id":"56c95a404d42d0ba7e41deea"},"picture1":{"url":"http://afc7f6321c5ea8bcb5b3.b0.upaiyun.com/apicloud/02d46911da6e1a2790caac4cfaff8ada.png","name":"52.png","id":"56c95a45d72170a205b52d2e"},"picture2":{"url":"http://afc7f6321c5ea8bcb5b3.b0.upaiyun.com/apicloud/b54c06456e16f77efd42a75368d9a56c.png","name":"53.png","id":"56c95a487bd0f4ee40b297de"},"picture3":{"url":"http://afc7f6321c5ea8bcb5b3.b0.upaiyun.com/apicloud/241ad3480f728408b8395ae516e9d96e.png","name":"54.png","id":"56c95a4d092eda1c35a99c55"},"picture4":null,"picture5":null,"detail":"中国","createdAt":{"$date":"2016-02-21T06:33:37.230Z"},"updatedAt":{"$date":"2016-02-21T06:37:30.873Z"}}
{"_id":{"$oid":"56c95a52d72170a205b52d30"},"picture0":{"url":"http://afc7f6321c5ea8bcb5b3.b0.upaiyun.com/apicloud/394b76a620a8747dc82078da59eb20a9.png","name":"41.png","id":"56c95a52880a535b354b4110"},"picture1":{"url":"http://afc7f6321c5ea8bcb5b3.b0.upaiyun.com/apicloud/4e1cef8cdb38793a68f9fc383eb3a48e.png","name":"42.png","id":"56c95a56092eda1c35a99c57"},"picture2":{"url":"http://afc7f6321c5ea8bcb5b3.b0.upaiyun.com/apicloud/9dc50c3731734259394c7d409c1ffacb.png","name":"43.png","id":"56c95a584d42d0ba7e41deed"},"picture3":null,"picture4":null,"picture5":null,"detail":"中国","createdAt":{"$date":"2016-02-21T06:33:54.817Z"},"updatedAt":{"$date":"2016-02-21T06:37:32.196Z"}}
{"_id":{"$oid":"56c95ab54d42d0ba7e41deee"},"picture0":{"url":"http://afc7f6321c5ea8bcb5b3.b0.upaiyun.com/apicloud/bf268ec0e0400ee9bb1a1f2cf51373ef.png","name":"31.png","id":"56c95ab5ca6a06ba6ad95906"},"picture1":null,"picture2":null,"picture3":null,"picture4":null,"picture5":null,"detail":"中国","createdAt":{"$date":"2016-02-21T06:35:33.848Z"},"updatedAt":{"$date":"2016-02-21T06:37:36.514Z"}}
{"_id":{"$oid":"56c95a5d26f863e874c76f81"},"picture0":{"url":"http://afc7f6321c5ea8bcb5b3.b0.upaiyun.com/apicloud/2dbc8bcca9bd758436f019af94e08d72.png","name":"31.png","id":"56c95a5cd72170a205b52d32"},"picture1":null,"picture2":null,"picture3":null,"picture4":null,"picture5":null,"detail":"中国","createdAt":{"$date":"2016-02-21T06:34:05.078Z"},"updatedAt":{"$date":"2016-02-21T06:37:28.314Z"}}
{"_id":{"$oid":"56c95a5f26f863e874c76f82"},"picture0":{"url":"http://afc7f6321c5ea8bcb5b3.b0.upaiyun.com/apicloud/708a554e9da2799561f94afb0370a388.png","name":"21.png","id":"56c95a5f880a535b354b4112"},"picture1":null,"picture2":null,"picture3":null,"picture4":null,"picture5":null,"detail":"中国","createdAt":{"$date":"2016-02-21T06:34:07.742Z"},"updatedAt":{"$date":"2016-02-21T06:37:27.669Z"}}
{"_id":{"$oid":"56c95a627bd0f4ee40b297e2"},"picture0":{"url":"http://afc7f6321c5ea8bcb5b3.b0.upaiyun.com/apicloud/76685ad16b802530d621817393221a4a.png","name":"11.png","id":"56c95a6226f863e874c76f83"},"picture1":{"url":"http://afc7f6321c5ea8bcb5b3.b0.upaiyun.com/apicloud/92f1a8b368a424b84fce9ca323c06a0e.png","name":"12.png","id":"56c95a657bd0f4ee40b297e3"},"picture2":{"url":"http://afc7f6321c5ea8bcb5b3.b0.upaiyun.com/apicloud/dbe36c3718cc28a00446bbe0515ad9e7.png","name":"13.png","id":"56c95a68880a535b354b4113"},"picture3":null,"picture4":null,"picture5":null,"detail":"中国","createdAt":{"$date":"2016-02-21T06:34:10.614Z"},"updatedAt":{"$date":"2016-02-21T06:37:27.009Z"}}
{"_id":{"$oid":"56c95ab9ca6a06ba6ad95908"},"picture0":{"url":"http://afc7f6321c5ea8bcb5b3.b0.upaiyun.com/apicloud/3edf9056999bf1e0ef8779fa8e23b12f.png","name":"11.png","id":"56c95ab9880a535b354b4115"},"picture1":{"url":"http://afc7f6321c5ea8bcb5b3.b0.upaiyun.com/apicloud/ffeb8f6667f6b109a46e57c62a06ea0d.png","name":"12.png","id":"56c95abc26f863e874c76f8d"},"picture2":null,"picture3":null,"picture4":null,"picture5":null,"detail":"中国","createdAt":{"$date":"2016-02-21T06:35:37.817Z"},"updatedAt":{"$date":"2016-02-21T06:37:35.876Z"}}
{"_id":{"$oid":"56c95ac0d72170a205b52d42"},"picture0":{"url":"http://afc7f6321c5ea8bcb5b3.b0.upaiyun.com/apicloud/0de8f338fc46097c0968c9805ba2fcf0.png","name":"21.png","id":"56c95ac07bd0f4ee40b297e5"},"picture1":{"url":"http://afc7f6321c5ea8bcb5b3.b0.upaiyun.com/apicloud/e8deeebb2e9c9e84abb52349057816f1.png","name":"22.png","id":"56c95ac3d72170a205b52d43"},"picture2":null,"picture3":null,"picture4":null,"picture5":null,"detail":"中国","createdAt":{"$date":"2016-02-21T06:35:44.166Z"},"updatedAt":{"$date":"2016-02-21T06:37:35.265Z"}}
{"_id":{"$oid":"56c95aea26f863e874c76f96"},"picture0":{"url":"http://afc7f6321c5ea8bcb5b3.b0.upaiyun.com/apicloud/61f660ec5d7e3b511a2d5ba96747310b.png","name":"41.png","id":"56c95aea7bd0f4ee40b297e7"},"picture1":null,"picture2":null,"picture3":null,"picture4":null,"picture5":null,"detail":"中国","createdAt":{"$date":"2016-02-21T06:36:26.981Z"},"updatedAt":{"$date":"2016-02-21T06:37:39.395Z"}}
{"_id":{"$oid":"56c95ae77bd0f4ee40b297e6"},"picture0":{"url":"http://afc7f6321c5ea8bcb5b3.b0.upaiyun.com/apicloud/7d5a905d81e3f46c9450700c9a838f86.png","name":"51.png","id":"56c95ae7ca6a06ba6ad95910"},"picture1":null,"picture2":null,"picture3":null,"picture4":null,"picture5":null,"detail":"中国","createdAt":{"$date":"2016-02-21T06:36:23.676Z"},"updatedAt":{"$date":"2016-02-21T06:37:40.485Z"}}
{"_id":{"$oid":"56c95af0092eda1c35a99c6c"},"picture0":{"url":"http://afc7f6321c5ea8bcb5b3.b0.upaiyun.com/apicloud/070e8388610d123f691285054b49798e.png","name":"21.png","id":"56c95af07bd0f4ee40b297e8"},"picture1":null,"picture2":null,"picture3":null,"picture4":null,"picture5":null,"detail":"中国","createdAt":{"$date":"2016-02-21T06:36:32.893Z"},"updatedAt":{"$date":"2016-02-21T06:37:37.930Z"}}
{"_id":{"$oid":"56c95aed4d42d0ba7e41deef"},"picture0":{"url":"http://afc7f6321c5ea8bcb5b3.b0.upaiyun.com/apicloud/6c874730a2c161f97802976a7f0afef2.png","name":"31.png","id":"56c95aedca6a06ba6ad95912"},"picture1":null,"picture2":null,"picture3":null,"picture4":null,"picture5":null,"detail":"中国","createdAt":{"$date":"2016-02-21T06:36:29.864Z"},"updatedAt":{"$date":"2016-02-21T06:37:38.663Z"}}
{"_id":{"$oid":"56c9595dca6a06ba6ad958d8"},"picture0":{"url":"http://afc7f6321c5ea8bcb5b3.b0.upaiyun.com/apicloud/62be789b4eaa0e563e1572d89f7c03c2.png","name":"21.png","id":"56c9595d4d42d0ba7e41dee5"},"picture1":null,"picture2":null,"picture3":null,"picture4":null,"picture5":null,"detail":"中国","createdAt":{"$date":"2016-02-21T06:29:49.269Z"},"updatedAt":{"$date":"2016-02-21T06:30:28.147Z"}}
{"_id":{"$oid":"56c95af47bd0f4ee40b297e9"},"picture0":{"url":"http://afc7f6321c5ea8bcb5b3.b0.upaiyun.com/apicloud/0bacf5074c5f1dfb05a0a25381f34bc4.png","name":"11.png","id":"56c95af3ca6a06ba6ad95913"},"picture1":null,"picture2":null,"picture3":null,"picture4":null,"picture5":null,"detail":"中国","createdAt":{"$date":"2016-02-21T06:36:36.024Z"},"updatedAt":{"$date":"2016-02-21T06:37:37.207Z"}}
