{"_id":{"$oid":"56c80db78d04c83d3d1dedea"},"name":"食材","createdAt":{"$date":"2016-02-20T06:54:47.996Z"},"updatedAt":{"$date":"2016-10-06T11:56:23.906Z"},"banner":{"url":"http://7y0hol.com1.z0.glb.clouddn.com/apicloud/be93f9fdeda576ad81d0c728528cef50.png","name":"56c80dc88d04c83d3d1dedf3.png","id":"57f63be70d3febfe5858556c"}}
{"_id":{"$oid":"56c80dc031da9e480de1cb49"},"name":"零食","createdAt":{"$date":"2016-02-20T06:54:56.243Z"},"updatedAt":{"$date":"2016-10-06T11:56:28.778Z"},"banner":{"url":"http://7y0hol.com1.z0.glb.clouddn.com/apicloud/be93f9fdeda576ad81d0c728528cef50.png","name":"56c80dc88d04c83d3d1dedf3.png","id":"57f63bec9592b3fc6a341b59"}}
{"_id":{"$oid":"56c80da883af652643474b6b"},"name":"水果","createdAt":{"$date":"2016-02-20T06:54:32.808Z"},"updatedAt":{"$date":"2016-10-06T11:56:16.288Z"},"banner":{"url":"http://7y0hol.com1.z0.glb.clouddn.com/apicloud/f761997f8fd33af25af5354737e37bcc.png","name":"56c80da883af652643474b6b.png","id":"57f63bdf0d3febfe58585568"}}
{"_id":{"$oid":"56c80dc88d04c83d3d1dedf3"},"name":"蔬菜","createdAt":{"$date":"2016-02-20T06:55:04.285Z"},"updatedAt":{"$date":"2016-10-06T11:56:35.789Z"},"banner":{"url":"http://7y0hol.com1.z0.glb.clouddn.com/apicloud/be93f9fdeda576ad81d0c728528cef50.png","name":"56c80db78d04c83d3d1dedea.png","id":"57f63bf39592b3fc6a341b5d"}}
{"_id":{"$oid":"56c80dc383af652643474b6d"},"name":"牛奶","createdAt":{"$date":"2016-02-20T06:54:59.891Z"},"updatedAt":{"$date":"2016-10-06T11:56:32.300Z"},"banner":{"url":"http://7y0hol.com1.z0.glb.clouddn.com/apicloud/f761997f8fd33af25af5354737e37bcc.png","name":"56c80da883af652643474b6b.png","id":"57f63bf0c6f05d0956108828"}}
