{"_id":{"$oid":"56c94a0426f863e874c76cb4"},"unit":"500g","originPrice":65.9,"price":49.9,"stock":10,"name":"月盛斋牛腩肉","description":"切好成块儿的方便牛腩肉","thumbnail":{"url":"http://afc7f6321c5ea8bcb5b3.b0.upaiyun.com/apicloud/13d65d5eaee648dbc75832cd13b40398.png","name":"2.png","id":"56c958a4092eda1c35a99c1a"},"showType":1,"supportAreaId":"56c80e0c789b068408ab5a6f","wareTypeId":"56c80db78d04c83d3d1dedea","createdAt":{"$date":"2016-02-21T05:24:20.835Z"},"updatedAt":{"$date":"2016-02-21T06:36:07.676Z"},"supportArea(uz*R*id)":null,"wareType(uz*R*id)":null,"wareInfo":"56c95ac0d72170a205b52d42"}
{"_id":{"$oid":"56c94a0426f863e874c76caf"},"unit":"4个","originPrice":25.8,"price":18.9,"stock":10,"name":"佳沛绿奇异果","description":"享受清爽汁水融进齿间感觉","thumbnail":{"url":"http://afc7f6321c5ea8bcb5b3.b0.upaiyun.com/apicloud/d3086f24870df03495f9414649bbadb6.gif","name":"1.gif","id":"56c954cdd72170a205b52c4a"},"showType":1,"supportAreaId":"56c80e0c789b068408ab5a6f","wareTypeId":"56c80da883af652643474b6b","createdAt":{"$date":"2016-02-21T05:24:20.759Z"},"updatedAt":{"$date":"2016-02-21T06:37:10.726Z"},"supportArea(uz*R*id)":null,"wareType(uz*R*id)":null,"wareInfo":"56c95af47bd0f4ee40b297e9"}
{"_id":{"$oid":"56c94a0426f863e874c76cb3"},"unit":"10个","originPrice":25.9,"price":19.9,"stock":10,"name":"新疆库尔勒香梨","description":"老板只让采孔雀河核心产区的","thumbnail":{"url":"http://afc7f6321c5ea8bcb5b3.b0.upaiyun.com/apicloud/5e24a6c776b132f824b8bd54439fe73b.png","name":"5.png","id":"56c954e0092eda1c35a99b77"},"showType":1,"supportAreaId":"56c80e0c789b068408ab5a6f","wareTypeId":"56c80da883af652643474b6b","createdAt":{"$date":"2016-02-21T05:24:20.818Z"},"updatedAt":{"$date":"2016-02-21T06:36:43.151Z"},"supportArea(uz*R*id)":null,"wareType(uz*R*id)":null,"wareInfo":"56c95ae77bd0f4ee40b297e6"}
{"_id":{"$oid":"56c94a0426f863e874c76cb5"},"unit":"500g","originPrice":62.9,"price":49.9,"stock":10,"name":"月盛斋牛腱子","description":"240余年的老字号 源自月盛斋","thumbnail":{"url":"http://afc7f6321c5ea8bcb5b3.b0.upaiyun.com/apicloud/a63149f67a72e9fe2a4c5ee7cad91516.png","name":"1.png","id":"56c958b0880a535b354b40f5"},"showType":1,"supportAreaId":"56c80e0c789b068408ab5a6f","wareTypeId":"56c80db78d04c83d3d1dedea","createdAt":{"$date":"2016-02-21T05:24:20.853Z"},"updatedAt":{"$date":"2016-02-21T06:36:01.464Z"},"supportArea(uz*R*id)":null,"wareType(uz*R*id)":null,"wareInfo":"56c95ab9ca6a06ba6ad95908"}
{"_id":{"$oid":"56c94a0426f863e874c76cb6"},"unit":"2袋","originPrice":75.8,"price":42.9,"stock":10,"name":"獐子岛蒜蓉粉丝扇贝","description":"5分钟上桌的经典海鲜大餐","thumbnail":{"url":"http://afc7f6321c5ea8bcb5b3.b0.upaiyun.com/apicloud/98a336b53e41e5885a9b53afd61c4d1a.png","name":"3.png","id":"56c958b4d72170a205b52cea"},"showType":1,"supportAreaId":"56c80e0c789b068408ab5a6f","wareTypeId":"56c80db78d04c83d3d1dedea","createdAt":{"$date":"2016-02-21T05:24:20.865Z"},"updatedAt":{"$date":"2016-02-21T06:35:53.661Z"},"supportArea(uz*R*id)":null,"wareType(uz*R*id)":null,"wareInfo":"56c95ab54d42d0ba7e41deee"}
{"_id":{"$oid":"56c94a0426f863e874c76cb8"},"unit":"1袋","originPrice":19.9,"price":11.9,"stock":10,"name":"意大利费列罗T3巧克力","description":"","thumbnail":{"url":"http://afc7f6321c5ea8bcb5b3.b0.upaiyun.com/apicloud/bb069897c7e2c3f9ad6145f4292a6a22.png","name":"2.png","id":"56c958d0092eda1c35a99c1f"},"showType":0,"supportAreaId":"56c80e0c789b068408ab5a6f","wareTypeId":"56c80dc031da9e480de1cb49","createdAt":{"$date":"2016-02-21T05:24:20.897Z"},"updatedAt":{"$date":"2016-02-21T06:34:58.794Z"},"supportArea(uz*R*id)":null,"wareType(uz*R*id)":null,"wareInfo":"56c95a5f26f863e874c76f82"}
{"_id":{"$oid":"56c94a0426f863e874c76cb7"},"unit":"1袋","originPrice":14.9,"price":10.8,"stock":10,"name":"慈恩岛蜂蜜黄油腰果","description":"办公室的人气首选思密达","thumbnail":{"url":"http://afc7f6321c5ea8bcb5b3.b0.upaiyun.com/apicloud/f1adc3dc8812ae7797a5b27576ff95f7.png","name":"1.png","id":"56c958cb4d42d0ba7e41ded4"},"showType":1,"supportAreaId":"56c80e0c789b068408ab5a6f","wareTypeId":"56c80dc031da9e480de1cb49","createdAt":{"$date":"2016-02-21T05:24:20.877Z"},"updatedAt":{"$date":"2016-02-21T06:35:08.900Z"},"supportArea(uz*R*id)":null,"wareType(uz*R*id)":null,"wareInfo":"56c95a627bd0f4ee40b297e2"}
{"_id":{"$oid":"56c94a0426f863e874c76cb1"},"unit":"2斤","originPrice":28.9,"price":24.9,"stock":10,"name":"四川丑柑","description":"丑丑的外表埋藏120%超甜内心","thumbnail":{"url":"http://afc7f6321c5ea8bcb5b3.b0.upaiyun.com/apicloud/da08a1e0cdadda5e4a1b5acfa82abce9.gif","name":"3.gif","id":"56c954daca6a06ba6ad9581d"},"showType":1,"supportAreaId":"56c80e0c789b068408ab5a6f","wareTypeId":"56c80da883af652643474b6b","createdAt":{"$date":"2016-02-21T05:24:20.784Z"},"updatedAt":{"$date":"2016-02-21T06:36:56.125Z"},"supportArea(uz*R*id)":null,"wareType(uz*R*id)":null,"wareInfo":"56c95aed4d42d0ba7e41deef"}
{"_id":{"$oid":"56c94a0426f863e874c76cb9"},"unit":"1袋","originPrice":29.9,"price":19.9,"stock":10,"name":"即食鱿鱼丝","description":"如果只选一种零食 我选他","thumbnail":{"url":"http://afc7f6321c5ea8bcb5b3.b0.upaiyun.com/apicloud/1eac001a67d28e37e542c70b73c59f13.png","name":"3.png","id":"56c958d4880a535b354b40f6"},"showType":1,"supportAreaId":"56c80e0c789b068408ab5a6f","wareTypeId":"56c80dc031da9e480de1cb49","createdAt":{"$date":"2016-02-21T05:24:20.915Z"},"updatedAt":{"$date":"2016-02-21T06:34:52.262Z"},"supportArea(uz*R*id)":null,"wareType(uz*R*id)":null,"wareInfo":"56c95a5d26f863e874c76f81"}
{"_id":{"$oid":"56c94a0426f863e874c76cba"},"unit":"1盒","originPrice":19.9,"price":9.9,"stock":10,"name":"内蒙咸味纯奶茶","description":"其实咸味奶茶也挺好喝","thumbnail":{"url":"http://afc7f6321c5ea8bcb5b3.b0.upaiyun.com/apicloud/91e8db2caabc8fe806abc26818f61880.png","name":"4.png","id":"56c958d826f863e874c76f38"},"showType":1,"supportAreaId":"56c80e0c789b068408ab5a6f","wareTypeId":"56c80dc031da9e480de1cb49","createdAt":{"$date":"2016-02-21T05:24:20.949Z"},"updatedAt":{"$date":"2016-02-21T06:34:46.075Z"},"supportArea(uz*R*id)":null,"wareType(uz*R*id)":null,"wareInfo":"56c95a52d72170a205b52d30"}
{"_id":{"$oid":"56c94a0426f863e874c76cbc"},"unit":"1袋","originPrice":53.9,"price":39.5,"stock":10,"name":"新疆枣核桃","description":"","thumbnail":{"url":"http://afc7f6321c5ea8bcb5b3.b0.upaiyun.com/apicloud/f2a2b52efe2bb811bc7f0af5f1d60b4e.png","name":"6.png","id":"56c958df26f863e874c76f3a"},"showType":0,"supportAreaId":"56c80e0c789b068408ab5a6f","wareTypeId":"56c80dc031da9e480de1cb49","createdAt":{"$date":"2016-02-21T05:24:20.980Z"},"updatedAt":{"$date":"2016-02-21T06:34:31.040Z"},"supportArea(uz*R*id)":null,"wareType(uz*R*id)":null,"wareInfo":"56c95a373fb08a7115888140"}
{"_id":{"$oid":"56c94a0426f863e874c76cbd"},"unit":"4盒","originPrice":36.8,"price":27.9,"stock":10,"name":"蒙牛纯甄酸牛奶","description":"丹麦进口菌种发酵 易吸收","thumbnail":{"url":"http://afc7f6321c5ea8bcb5b3.b0.upaiyun.com/apicloud/4e0e765067292c0d32c15d431854b8fb.png","name":"3.png","id":"56c958eb880a535b354b40fa"},"showType":1,"supportAreaId":"56c80e0c789b068408ab5a6f","wareTypeId":"56c80dc383af652643474b6d","createdAt":{"$date":"2016-02-21T05:24:20.997Z"},"updatedAt":{"$date":"2016-02-21T06:32:51.779Z"},"supportArea(uz*R*id)":null,"wareType(uz*R*id)":null,"wareInfo":"56c959f826f863e874c76f68"}
{"_id":{"$oid":"56c94a0526f863e874c76cbe"},"unit":"2盒","originPrice":19.9,"price":14.9,"stock":10,"name":"小西牛甜牛奶","description":"产自3200米青藏雪域牧场","thumbnail":{"url":"http://afc7f6321c5ea8bcb5b3.b0.upaiyun.com/apicloud/5c3debff5fe30c48e34bfdff8ca3ab8f.png","name":"2.png","id":"56c958f926f863e874c76f3c"},"showType":1,"supportAreaId":"56c80e0c789b068408ab5a6f","wareTypeId":"56c80dc383af652643474b6d","createdAt":{"$date":"2016-02-21T05:24:21.018Z"},"updatedAt":{"$date":"2016-02-21T06:32:44.971Z"},"supportArea(uz*R*id)":null,"wareType(uz*R*id)":null,"wareInfo":"56c959f53fb08a711588813f"}
{"_id":{"$oid":"56c94a0526f863e874c76cbf"},"unit":"2盒","originPrice":24.9,"price":19.9,"stock":10,"name":"韩国宾格瑞香蕉牛奶","description":"韩剧屋塔房世子朴有天同款","thumbnail":{"url":"http://afc7f6321c5ea8bcb5b3.b0.upaiyun.com/apicloud/c34bcfc1de88eef2e1c3c51f9375e080.png","name":"1.png","id":"56c958fd4d42d0ba7e41dedf"},"showType":1,"supportAreaId":"56c80e0c789b068408ab5a6f","wareTypeId":"56c80dc383af652643474b6d","createdAt":{"$date":"2016-02-21T05:24:21.039Z"},"updatedAt":{"$date":"2016-02-21T06:32:38.926Z"},"supportArea(uz*R*id)":null,"wareType(uz*R*id)":null,"wareInfo":"56c959f2092eda1c35a99c4b"}
{"_id":{"$oid":"56c94a0526f863e874c76cc0"},"unit":"1瓶","originPrice":13.9,"price":8.9,"stock":10,"name":"乳此新鲜牛乳原味【小】","description":"小时候送到家门口的鲜奶","thumbnail":{"url":"http://afc7f6321c5ea8bcb5b3.b0.upaiyun.com/apicloud/227f88dd0cab04b5cf2c9954a84fad98.png","name":"4.png","id":"56c95903ca6a06ba6ad958c6"},"showType":1,"supportAreaId":"56c80e0c789b068408ab5a6f","wareTypeId":"56c80dc383af652643474b6d","createdAt":{"$date":"2016-02-21T05:24:21.054Z"},"updatedAt":{"$date":"2016-02-21T06:32:32.156Z"},"supportArea(uz*R*id)":null,"wareType(uz*R*id)":null,"wareInfo":"56c959e7ca6a06ba6ad958eb"}
{"_id":{"$oid":"56c94a0526f863e874c76cc1"},"unit":"1袋","originPrice":22.9,"price":17.9,"stock":10,"name":"【净菜】百合","description":"","thumbnail":{"url":"http://afc7f6321c5ea8bcb5b3.b0.upaiyun.com/apicloud/a2b630a7b0fc01c1dfa1dbf09da89804.png","name":"2.png","id":"56c95929880a535b354b4102"},"showType":0,"supportAreaId":"56c80e0c789b068408ab5a6f","wareTypeId":"56c80dc88d04c83d3d1dedf3","createdAt":{"$date":"2016-02-21T05:24:21.069Z"},"updatedAt":{"$date":"2016-02-21T06:31:31.120Z"},"supportArea(uz*R*id)":null,"wareType(uz*R*id)":null,"wareInfo":"56c9595dca6a06ba6ad958d8"}
{"_id":{"$oid":"56c94a0526f863e874c76cc2"},"unit":"1袋","originPrice":9.9,"price":6.9,"stock":10,"name":"油麦菜","description":"可生食蔬菜中的上品","thumbnail":{"url":"http://afc7f6321c5ea8bcb5b3.b0.upaiyun.com/apicloud/24c87a47a4a9a84fb0767bb3106ae025.png","name":"1.png","id":"56c9592d092eda1c35a99c2b"},"showType":1,"supportAreaId":"56c80e0c789b068408ab5a6f","wareTypeId":"56c80dc88d04c83d3d1dedf3","createdAt":{"$date":"2016-02-21T05:24:21.091Z"},"updatedAt":{"$date":"2016-02-21T06:31:43.965Z"},"supportArea(uz*R*id)":null,"wareType(uz*R*id)":null,"wareInfo":"56c95955092eda1c35a99c35"}
{"_id":{"$oid":"56c94a0426f863e874c76cb2"},"unit":"4个","originPrice":24.9,"price":16.9,"stock":10,"name":"赣南脐橙","description":"原产地 不催熟 不打蜡","thumbnail":{"url":"http://afc7f6321c5ea8bcb5b3.b0.upaiyun.com/apicloud/94d8d02ba56b3f18ca060094edeb3f50.png","name":"4.png","id":"56c954dd880a535b354b40c5"},"showType":1,"supportAreaId":"56c80e0c789b068408ab5a6f","wareTypeId":"56c80da883af652643474b6b","createdAt":{"$date":"2016-02-21T05:24:20.796Z"},"updatedAt":{"$date":"2016-02-21T06:36:49.061Z"},"supportArea(uz*R*id)":null,"wareType(uz*R*id)":null,"wareInfo":"56c95aea26f863e874c76f96"}
{"_id":{"$oid":"56c94a0526f863e874c76cc3"},"unit":"1袋","originPrice":11.9,"price":9.9,"stock":10,"name":"【净菜】菠菜","description":"大力水手的超级能量罐","thumbnail":{"url":"http://afc7f6321c5ea8bcb5b3.b0.upaiyun.com/apicloud/d9fdda07cb049a98e1c79597505338f5.png","name":"3.png","id":"56c959374d42d0ba7e41dee2"},"showType":1,"supportAreaId":"56c80e0c789b068408ab5a6f","wareTypeId":"56c80dc88d04c83d3d1dedf3","createdAt":{"$date":"2016-02-21T05:24:21.103Z"},"updatedAt":{"$date":"2016-02-21T06:31:14.592Z"},"supportArea(uz*R*id)":null,"wareType(uz*R*id)":null,"wareInfo":"56c959603fb08a711588813b"}
{"_id":{"$oid":"56c94a0426f863e874c76cbb"},"unit":"1袋","originPrice":59,"price":46.9,"stock":10,"name":"新疆幸福黑核桃","description":"用爱浇灌的美味黑核桃","thumbnail":{"url":"http://afc7f6321c5ea8bcb5b3.b0.upaiyun.com/apicloud/056969cd0773160fd3de8e8997b2057f.png","name":"5.png","id":"56c958db880a535b354b40f7"},"showType":1,"supportAreaId":"56c80e0c789b068408ab5a6f","wareTypeId":"56c80dc031da9e480de1cb49","createdAt":{"$date":"2016-02-21T05:24:20.966Z"},"updatedAt":{"$date":"2016-02-21T06:34:39.102Z"},"supportArea(uz*R*id)":null,"wareType(uz*R*id)":null,"wareInfo":"56c95a41ca6a06ba6ad958f6"}
{"_id":{"$oid":"56c94a0426f863e874c76cb0"},"unit":"2斤","originPrice":39.9,"price":29.9,"stock":10,"name":"泰国龙眼","description":"肉肉的 甜甜的","thumbnail":{"url":"http://afc7f6321c5ea8bcb5b3.b0.upaiyun.com/apicloud/040b85a0369d556905c1535c88e835fe.gif","name":"2.gif","id":"56c954d47bd0f4ee40b29795"},"showType":1,"supportAreaId":"56c80e0c789b068408ab5a6f","wareTypeId":"56c80da883af652643474b6b","createdAt":{"$date":"2016-02-21T05:24:20.771Z"},"updatedAt":{"$date":"2016-02-21T06:37:03.944Z"},"supportArea(uz*R*id)":null,"wareType(uz*R*id)":null,"wareInfo":"56c95af0092eda1c35a99c6c"}
